<?xml version="1.0" encoding="UTF-8" standalone="no"?><Signature xmlns="http://www.w3.org/2000/09/xmldsig#"><SignedInfo><CanonicalizationMethod Algorithm="http://www.w3.org/TR/2001/REC-xml-c14n-20010315"/><SignatureMethod Algorithm="http://www.w3.org/2000/09/xmldsig#rsa-sha1"/><Reference URI=""><DigestMethod Algorithm="http://www.w3.org/2001/04/xmlenc#sha256"/><DigestValue>kixlHBYsZlsKo6/3s01D1h4vafE6AzKuX5GdOEyFXGE=</DigestValue></Reference></SignedInfo><SignatureValue>dhFs2JwXotIZo3jUj/4xXzB9oLw2jD6eT5H6VdklvnrVJcqe9HHsgPMWTR6D2gZ5kxjHBMnEd+vT&#13;
rCZDU6WDQYnYPZG/IwZQmKxEH/EIOXXrBMLWLVxKDwmyTJERLg4Cy+APEP/xPnwzOdEOJa3IQTih&#13;
VuNeOYKHaUUzYYboznru6VWNbT7RRE4BpTu42loGs9zzIofg/WNXNxsmQVn808MVxGBo8d42N7xm&#13;
LP6s7FFSypv3IKKgXW9N9dkh33AI9Atyj1TU0tHU4CBdJzy1ddfmmzXZB+j1vq9mH3c/sx3SFvXv&#13;
EziVBscp4W62BDmYPCOBEWeS+d+5QqM8glHHoA==</SignatureValue><KeyInfo><X509Data><X509SubjectName>CN=Ministerul Finantelor Publice,2.5.4.41=#0c1853544546414e455343552054524149414e2d534552474955,2.5.4.5=#130d32303035303632343553545339,2.5.4.42=#0c0d54524149414e2d534552474955,2.5.4.4=#0c0a53544546414e45534355,O=Ministerul Finantelor Publice,L=Bucuresti,C=RO</X509SubjectName><X509Certificate>MIIHVTCCBT2gAwIBAgIQIAUGJFABi/dKb/DN1hc4bjANBgkqhkiG9w0BAQsFADCBlTELMAkGA1UE&#13;
BhMCUk8xFjAUBgNVBAoMDURpZ2lTaWduIFMuQS4xFzAVBgNVBGEMDlZBVFJPLTE3NTQ0OTQ1MSgw&#13;
JgYDVQQLDB9EaWdpU2lnbiBDZXJ0aWZpY2F0aW9uIFNlcnZpY2VzMSswKQYDVQQDDCJEaWdpU2ln&#13;
biBRdWFsaWZpZWQgQ0EgQ2xhc3MgMyAyMDE3MB4XDTIzMTEyMjEzMzg1NVoXDTI1MTEyMTEzMzg1&#13;
NVowgdkxCzAJBgNVBAYTAlJPMRIwEAYDVQQHDAlCdWN1cmVzdGkxJjAkBgNVBAoMHU1pbmlzdGVy&#13;
dWwgRmluYW50ZWxvciBQdWJsaWNlMRMwEQYDVQQEDApTVEVGQU5FU0NVMRYwFAYDVQQqDA1UUkFJ&#13;
QU4tU0VSR0lVMRYwFAYDVQQFEw0yMDA1MDYyNDVTVFM5MSEwHwYDVQQpDBhTVEVGQU5FU0NVIFRS&#13;
QUlBTi1TRVJHSVUxJjAkBgNVBAMMHU1pbmlzdGVydWwgRmluYW50ZWxvciBQdWJsaWNlMIIBIjAN&#13;
BgkqhkiG9w0BAQEFAAOCAQ8AMIIBCgKCAQEAmKkVObrMVFjewC/9Vnb8Rm7C51FXzg/KXIGj9FbR&#13;
I/QwdedJs42IV88VBbZUVW5THh5GVYQ/31jeOhXhyLnFyu0gWfHClnNQSSofCeoId/X9UdAGcOln&#13;
oVMSRU3ei9xmtm2z89zC4ozns8ddZk31LPnZJDqCD5IM7uE47wKDUd+6Mg/DVguZm++vFN5nrQXi&#13;
OacYxhaD910cVdq+4Yak4pPWLjSnIa2jYtRV7SKl4Ss+sviWa+mpY0T54nBkfza+bJ116rBHQYQv&#13;
s++X6SupTOekVQPVpXuJ8oAyVFrFv3FY8XzG0eTPJ/TpfRok3lpd2Nu7Psdjjy58V2OidOTxIQID&#13;
AQABo4ICWTCCAlUwDAYDVR0TAQH/BAIwADAfBgNVHSMEGDAWgBRTIfQTpnU3SWbeswJpnbDc/wcZ&#13;
xzA4BggrBgEFBQcBAQQsMCowKAYIKwYBBQUHMAGGHGh0dHA6Ly9vY3NwLmRpZ2lzaWduLnJvL29j&#13;
c3AwNwYDVR0RBDAwLoENYWRtaW5AYW5hZi5yb6AdBgorBgEEAYI3FAIDoA8MDWFkbWluQGFuYWYu&#13;
cm8wUwYDVR0gBEwwSjA9BhArBgEEAYKLbQECBIIAAgIDMCkwJwYIKwYBBQUHAgEWG2h0dHBzOi8v&#13;
d3d3LmRpZ2lzaWduLnJvL2NwczAJBgcEAIvsQAECMDUGA1UdJQQuMCwGCCsGAQUFBwMCBggrBgEF&#13;
BQcDBAYKKwYBBAGCNwoDDAYKKwYBBAGCNxQCAjCBpwYIKwYBBQUHAQMEgZowgZcwCgYIKwYBBQUH&#13;
CwIwCAYGBACORgEBMAsGBgQAjkYBAwIBCjAIBgYEAI5GAQQwEwYGBACORgEGMAkGBwQAjkYBBgEw&#13;
UwYGBACORgEFMEkwIRYbaHR0cHM6Ly93d3cuZGlnaXNpZ24ucm8vcGRzEwJlbjAkFh5odHRwczov&#13;
L3d3dy5kaWdpc2lnbi5yby9wZHNfcm8TAnJvMEwGA1UdHwRFMEMwQaA/oD2GO2h0dHA6Ly9jcmwu&#13;
ZGlnaXNpZ24ucm8vcmVwb3NpdG9yeS9xdWFsaWZpZWRjYWNsYXNzMzIwMTcuY3JsMB0GA1UdDgQW&#13;
BBQMAV2L2Zbr5jchKR123qOyUamlXTAOBgNVHQ8BAf8EBAMCBeAwDQYJKoZIhvcNAQELBQADggIB&#13;
ABPrbFtTbfbhyXMEL4Q1qSF2IZ2uzUoOm8bB1Fuztd1AKZuE+dqLe1JnUdMsmw/KNTkgsNsIQHgp&#13;
IJ1xBI4nQkMpRrkWbVtAOz3FGhNr18WAv+ErrLFfH/4n7c/2cj+hFctZHDtLxK8Lq0u3L74fOh1G&#13;
kBvnXtuGreuXDemVTIjgWoQCVcKt70+dtc8K/ADPsuzD15Z5MYex2uyEjYbwzLf6o5X1ypZ2GZVo&#13;
LB5DXjjO06QWFtVZSV6meU3Q3tgdDYU6JjQnkFVocfqkdXSMvVHjHm4wDZmzrDvfrp6FRlzSMQyk&#13;
ebIJ2PiSqM9+GuyDaIio5UCSqLJXMDVvLFCqpbN1gaOUxDcHDqSKh7dfzIMOPQVfHAYYKgp6sBqg&#13;
jHhnAmmG+RWqTGJchFciTAiSBKNwBkGH8lzEd5og3JdbyQemPtUjXRwverPCnm/B4t94x32VVLWp&#13;
EbofhqTy62E79YJbGmZgdB+WOwyn6szcZrBJOFrcm0uyzFEY8TesNETe3oYRd+oyHJvZMw99sIfE&#13;
Ty/d7zce9O+SFw2xbQm4+67QayS5nS8eamaqV/xJhmQy611ljVIPUM8MecOUPPDUP50eDPEUKDZ7&#13;
ltZDI0SbyDkP5vCtgq50jEIEzHkKhTgi+1mkkU3Z7OnGpLkm13oNiNe4uCcJG3DoKfb0PChnAu4K</X509Certificate></X509Data></KeyInfo></Signature>